{
  "index": "/index.html",
  "assetGroups": [
    {
      "name": "app",
      "installMode": "prefetch",
      "resources": {
        "files": [
          "/favicon.ico",
          "/index.html",
          "/**"
        ]
      }
    }, {
      "name": "assets",
      "installMode": "lazy",
      "updateMode": "prefetch",
      "resources": {
        "files": [
          "/**"
        ]
      }
    }
  ],
  "dataGroups": [
    {
      "name": "api-performance",
      "urls": [
        "/**"
      ],
      "cacheConfig": {
        "strategy": "performance",
        "maxSize": 100,
        "maxAge": "1d"
      }
    }
  ]
}
